title,filename,postnum,source
title,test.mp3,10000,source
title,test.mp3,10000,source
title,test.mp3,10000,source
title,test.mp3,10000,source
title,test.mp3,10000,source
title,test.mp3,10000,source
title,test.mp3,10000,source
title,test.mp3,10000,source
title,test.mp3,10000,source
title,test.mp3,10000,source
title,test.mp3,10000,source
title,test.mp3,10000,source
title,test.mp3,10000,source
title,test.mp3,10000,source
title,test.mp3,10000,source
title,test.mp3,10000,source
title,test.mp3,10000,source
title,test.mp3,10000,source
title,test.mp3,10000,source
title,test.mp3,10000,source
title,test.mp3,10000,source
title,test.mp3,10000,source
title,test.mp3,10000,source
title,test.mp3,10000,source
title,test.mp3,10000,source
title,test.mp3,10000,source
title,test.mp3,10000,source
title,test.mp3,10000,source
title,test.mp3,10000,source
title,test.mp3,10000,source
title,test.mp3,10000,source
title,test.mp3,10000,source
title,test.mp3,10000,source
title,test.mp3,10000,source
title,test.mp3,10000,source
title,test.mp3,10000,source
title,test.mp3,10000,source
title,test.mp3,10000,source
title,test.mp3,10000,source
title,test.mp3,10000,source
title,test.mp3,10000,source
title,test.mp3,10000,source
title,test.mp3,10000,source
title,test.mp3,10000,source
title,test.mp3,10000,source
title,test.mp3,10000,source
title,test.mp3,10000,source
title,test.mp3,10000,source
title,test.mp3,10000,source
title,test.mp3,10000,source
title,test.mp3,10000,source
title,test.mp3,10000,source
title,test.mp3,10000,source
title,test.mp3,10000,source
title,test.mp3,10000,source
title,test.mp3,10000,source
title,test.mp3,10000,source
title,test.mp3,10000,source
title,test.mp3,10000,source
title,test.mp3,10000,source
title,test.mp3,10000,source
title,test.mp3,10000,source
title,test.mp3,10000,source
title,test.mp3,10000,source
title,test.mp3,10000,source
title,test.mp3,10000,source
title,test.mp3,10000,source
title,test.mp3,10000,source
title,test.mp3,10000,source
title,test.mp3,10000,source
title,test.mp3,10000,source
title,test.mp3,10000,source
title,test.mp3,10000,source
title,test.mp3,10000,source
title,test.mp3,10000,source
title,test.mp3,10000,source
title,test.mp3,10000,source
title,test.mp3,10000,source
title,test.mp3,10000,source
title,test.mp3,10000,source
title,test.mp3,10000,source
title,test.mp3,10000,source
title,test.mp3,10000,source
title,test.mp3,10000,source
title,test.mp3,10000,source
title,test.mp3,10000,source
title,test.mp3,10000,source
title,test.mp3,10000,source
title,test.mp3,10000,source
title,test.mp3,10000,source
title,test.mp3,10000,source
title,test.mp3,10000,source
title,test.mp3,10000,source
title,test.mp3,10000,source
title,test.mp3,10000,source
title,test.mp3,10000,source
title,test.mp3,10000,source
title,test.mp3,10000,source
title,test.mp3,10000,source
title,test.mp3,10000,source
